<launch>
  <arg name="pointcloud_map_path" default="/home/ros2/autoware_map/sample_map/iscas_museum_3d_1.pcd"/>
  <arg name="pointcloud_map_metadata_path" default="/home/ros2/autoware_map/sample_map/iscas_museum_3d_1.pcd"/>
  <arg name="pointcloud_map_loader_param_path" default="$(find-pkg-share map_loader)/config/pointcloud_map_loader.param.yaml"/>

  <node pkg="map_loader" exec="pointcloud_map_loader" name="pointcloud_map_loader" output="screen">
    <remap from="output/pointcloud_map" to="/map/pointcloud_map"/>
    <remap from="service/get_partial_pcd_map" to="/map/get_partial_pointcloud_map"/>
    <remap from="service/get_selected_pcd_map" to="/map/get_selected_pointcloud_map"/>
    <param name="pcd_paths_or_directory" value="[$(var pointcloud_map_path)]"/>
    <param name="pcd_metadata_path" value="$(var pointcloud_map_metadata_path)"/>
  </node>
</launch>

